<?xml version="1.0" encoding="UTF-8"?>
<!--

       Copyright 2006-2016 the original author or authors.

       Licensed under the Apache License, Version 2.0 (the "License");
       you may not use this file except in compliance with the License.
       You may obtain a copy of the License at

          http://www.apache.org/licenses/LICENSE-2.0

       Unless required by applicable law or agreed to in writing, software
       distributed under the License is distributed on an "AS IS" BASIS,
       WITHOUT WARRANTIES OR CONDITIONS OF ANY KIND, either express or implied.
       See the License for the specific language governing permissions and
       limitations under the License.

-->
<!DOCTYPE generatorConfiguration PUBLIC
 "-//mybatis.org//DTD MyBatis Generator Configuration 1.0//EN"
 "http://mybatis.org/dtd/mybatis-generator-config_1_0.dtd">

<generatorConfiguration>
  <properties resource="database.properties"/>
  
  <context id="FlatJava5" defaultModelType="flat">
    <plugin type="org.mybatis.generator.plugins.EqualsHashCodePlugin" />
    <plugin type="org.mybatis.generator.plugins.RowBoundsPlugin" />
    <plugin type="org.mybatis.generator.plugins.ToStringPlugin" />
    <plugin type="org.mybatis.generator.plugins.MapperAnnotationPlugin" />

    <connectionFactory>
      <property name="driverClass" value="org.hsqldb.jdbcDriver"/>
      <property name="connectionURL" value="${database.url}"/>
      <property name="userId" value="sa"/>
    </connectionFactory>
    
    <javaModelGenerator targetPackage="mbg.test.mb3.generated.flat.model" targetProject="MAVEN">
      <property name="enableSubPackages" value="true" />
      <property name="trimStrings" value="true" />
    </javaModelGenerator>

    <sqlMapGenerator targetPackage="mbg.test.mb3.generated.flat.xml"  targetProject="MAVEN">
      <property name="enableSubPackages" value="true" />
    </sqlMapGenerator>

    <javaClientGenerator type="XMLMAPPER" targetPackage="mbg.test.mb3.generated.flat.mapper"  targetProject="MAVEN">
      <property name="enableSubPackages" value="true" />
    </javaClientGenerator>

    <table tableName="FieldsOnly" />
    <table tableName="PKOnly" />
    <table tableName="PKFields" alias="B" >
      <columnOverride column="wierd$Field" delimitedColumnName="true"/>
      <columnOverride column="stringBoolean" javaType="boolean" typeHandler="mbg.test.mb3.common.StringBooleanTypeHandler"/>
    </table>
    <table tableName="PKBlobs" />
    <table tableName="PKFieldsBlobs" />
    <table tableName="FieldsBlobs" />
    <table tableName="awful table" alias="A">
      <generatedKey column="CuStOmEr iD" sqlStatement="JDBC" />
      <columnOverride column="first name" property="firstFirstName" />
      <columnOverride column="first_name" property="secondFirstName" />
      <columnOverride column="firstName" property="thirdFirstName" />
      <columnOverride column="from" delimitedColumnName="true" >
        <property name="fredswife" value="wilma"/>
      </columnOverride>
      <columnOverride column="active" javaType="boolean" />
      <columnOverride column="_id1" delimitedColumnName="true" />
      <columnOverride column="$id2" delimitedColumnName="true" />
      <columnOverride column="id5_" delimitedColumnName="true" />
      <columnOverride column="id6$" delimitedColumnName="true" />
      <columnOverride column="id7$$" delimitedColumnName="true" />
      <columnOverride column="class" property="dbClass" />
    </table>
    <table tableName="EnumTest">
      <columnOverride column="name" javaType="mbg.test.mb3.common.TestEnum"/>
    </table>
  </context>

  <context id="HierarchicalJava5" targetRuntime="MyBatis3" defaultModelType="hierarchical">
    <plugin type="org.mybatis.generator.plugins.EqualsHashCodePlugin" />

    <commentGenerator>
      <property name="addRemarkComments" value="true"/>
      <property name="dateFormat" value="yyyy-MM-dd"/>
    </commentGenerator>

    <jdbcConnection driverClass="org.hsqldb.jdbcDriver"
        connectionURL="jdbc:hsqldb:mem:aname"
        userId="sa" />

    <javaModelGenerator targetPackage="mbg.test.mb3.generated.hierarchical.model" targetProject="MAVEN">
      <property name="enableSubPackages" value="true" />
      <property name="trimStrings" value="true" />
    </javaModelGenerator>

    <sqlMapGenerator targetPackage="mbg.test.mb3.generated.hierarchical.xml"  targetProject="MAVEN">
      <property name="enableSubPackages" value="true" />
    </sqlMapGenerator>

    <javaClientGenerator type="XMLMAPPER" targetPackage="mbg.test.mb3.generated.hierarchical.mapper"  targetProject="MAVEN">
      <property name="enableSubPackages" value="true" />
    </javaClientGenerator>

    <table tableName="FieldsOnly" domainObjectName="subpackage.FieldsOnlyEntity"
           mapperName="different.subpackage.FieldsOnlyMapper" />
    <table tableName="PKOnly" />
    <table tableName="PKFields" alias="B" >
      <columnOverride column="wierd$Field" delimitedColumnName="true"/>
    </table>
    <table tableName="PKBlobs" />
    <table tableName="PKFieldsBlobs" />
    <table tableName="FieldsBlobs" />
    <table tableName="awful table" alias="A">
      <generatedKey column="CuStOmEr iD" sqlStatement="HSQLDB" identity="true" />
      <columnOverride column="first name" property="firstFirstName" />
      <columnOverride column="first_name" property="secondFirstName" />
      <columnOverride column="firstName" property="thirdFirstName" />
      <columnOverride column="from" delimitedColumnName="true" >
        <property name="fredswife" value="wilma"/>
      </columnOverride>
      <columnOverride column="active" javaType="boolean" />
      <columnOverride column="_id1" delimitedColumnName="true" />
      <columnOverride column="$id2" delimitedColumnName="true" />
      <columnOverride column="id5_" delimitedColumnName="true" />
      <columnOverride column="id6$" delimitedColumnName="true" />
      <columnOverride column="id7$$" delimitedColumnName="true" />
      <columnOverride column="class" property="dbClass" />
    </table>
    <table tableName="EnumTest">
      <columnOverride column="name" javaType="mbg.test.mb3.common.TestEnum"/>
    </table>
  </context>

  <context id="ConditionalJava5" targetRuntime="MyBatis3" defaultModelType="conditional">
    <plugin type="org.mybatis.generator.plugins.EqualsHashCodePlugin" />
    <plugin type="org.mybatis.generator.plugins.SerializablePlugin" />

    <jdbcConnection driverClass="org.hsqldb.jdbcDriver"
        connectionURL="jdbc:hsqldb:mem:aname"
        userId="sa" />

    <javaModelGenerator targetPackage="mbg.test.mb3.generated.conditional.model" targetProject="MAVEN">
      <property name="enableSubPackages" value="true" />
      <property name="trimStrings" value="true" />
    </javaModelGenerator>

    <sqlMapGenerator targetPackage="mbg.test.mb3.generated.conditional.xml"  targetProject="MAVEN">
      <property name="enableSubPackages" value="true" />
    </sqlMapGenerator>

    <javaClientGenerator type="XMLMAPPER" targetPackage="mbg.test.mb3.generated.conditional.mapper"  targetProject="MAVEN">
      <property name="enableSubPackages" value="true" />
    </javaClientGenerator>

    <table tableName="FieldsOnly" />
    <table tableName="PKOnly" />
    <table tableName="PKFields" alias="B" >
      <columnOverride column="wierd$Field" delimitedColumnName="true"/>
    </table>
    <table tableName="PKBlobs" />
    <table tableName="PKFieldsBlobs" />
    <table tableName="FieldsBlobs" />
    <table tableName="awful table" alias="A">
      <generatedKey column="CuStOmEr iD" sqlStatement="HSQLDB" identity="true" />
      <columnOverride column="first name" property="firstFirstName" />
      <columnOverride column="first_name" property="secondFirstName" />
      <columnOverride column="firstName" property="thirdFirstName" />
      <columnOverride column="from" delimitedColumnName="true" >
        <property name="fredswife" value="wilma"/>
      </columnOverride>
      <columnOverride column="active" javaType="boolean" />
      <columnOverride column="_id1" delimitedColumnName="true" />
      <columnOverride column="$id2" delimitedColumnName="true" />
      <columnOverride column="id5_" delimitedColumnName="true" />
      <columnOverride column="id6$" delimitedColumnName="true" />
      <columnOverride column="id7$$" delimitedColumnName="true" />
      <columnOverride column="class" property="dbClass" />
    </table>
  </context>

  <context id="miscellaneousTests" targetRuntime="MyBatis3">
    <plugin type="org.mybatis.generator.plugins.EqualsHashCodePlugin" />
    <plugin type="org.mybatis.generator.plugins.CaseInsensitiveLikePlugin" />
    <plugin type="org.mybatis.generator.plugins.RenameExampleClassPlugin" >
      <property name="searchString" value="Example$"/>
      <property name="replaceString" value="Criteria"/>
    </plugin>
    <plugin type="org.mybatis.generator.plugins.FluentBuilderMethodsPlugin" />

    <commentGenerator>
      <property name="suppressDate" value="true"/>
    </commentGenerator>

    <jdbcConnection driverClass="org.hsqldb.jdbcDriver"
        connectionURL="jdbc:hsqldb:mem:aname"
        userId="sa" />

    <javaModelGenerator targetPackage="mbg.test.mb3.generated.miscellaneous.model" targetProject="MAVEN">
      <property name="trimStrings" value="true" />
      <property name="rootClass" value="mbg.test.common.BaseClass" />
    </javaModelGenerator>

    <sqlMapGenerator targetPackage="mbg.test.mb3.generated.miscellaneous.xml"  targetProject="MAVEN">
    </sqlMapGenerator>

    <javaClientGenerator type="XMLMAPPER" targetPackage="mbg.test.mb3.generated.miscellaneous.mapper"  targetProject="MAVEN">
      <property name="rootInterface" value="mbg.test.common.BaseInterface" />
      <property name="methodNameCalculator" value="EXTENDED"/>
    </javaClientGenerator>

    <table tableName="BlobsOnly" /> <!-- should generate a warning -->
    <table tableName="NonExistantTable" /> <!-- should generate a warning -->
    <table tableName="PKFields" domainObjectName="MyObject" mapperName="MyMapper" alias="A" >
      <ignoreColumn column="fred" /> <!-- should generate a warning -->
      <ignoreColumn column="decimal30Field" />
      <columnOverride column="datefield" property="startDate"/>
      <columnOverride column="decimal155Field" javaType="java.lang.Double" />
      <columnOverride column="decimal60Field" javaType="int" />
      <columnOverride column="firstName" javaType="mbg.test.common.FirstName"
         typeHandler="mbg.test.mb3.common.FirstNameTypeHandler"/>
      <columnOverride column="timeField" javaType="mbg.test.common.MyTime"
         typeHandler="mbg.test.mb3.common.MyTimeTypeHandler"/>
      <columnOverride column="wierd$Field" delimitedColumnName="true"/>
    </table>
    <table tableName="RegexRename">
      <generatedKey column="CUST_ID" sqlStatement="call next value for TestSequence" />
      <columnRenamingRule searchString="^CUST" />
    </table>
    <table tableName="EnumTest">
      <columnOverride column="name" javaType="mbg.test.mb3.common.TestEnum"/>
    </table>
    <table tableName="GeneratedAlwaysTest" >
      <columnOverride column="ID_PLUS1" isGeneratedAlways="true" />
      <columnOverride column="ID_PLUS2" isGeneratedAlways="true" />
    </table>
    <table tableName="GeneratedAlwaysTestNoUpdates" >
      <columnOverride column="ID_PLUS1" isGeneratedAlways="true" />
      <columnOverride column="ID_PLUS2" isGeneratedAlways="true" />
    </table>
    <table tableName="IgnoreManyColumns">
      <ignoreColumnsByRegex pattern="(?i)col.*">
        <except column="col01"/>
        <except column="col13"/>
      </ignoreColumnsByRegex>
    </table>
  </context>
  
  <context id="miscellaneousTests_NoClient" targetRuntime="MyBatis3">
    <property name="autoDelimitKeywords" value="true" />
    
    <jdbcConnection driverClass="org.hsqldb.jdbcDriver"
        connectionURL="jdbc:hsqldb:mem:aname"
        userId="sa" />

    <javaModelGenerator targetPackage="mbg.test.mb3.generated.miscellaneous.model" targetProject="MAVEN">
      <property name="trimStrings" value="true" />
      <property name="enableSubPackages" value="true"/>
    </javaModelGenerator>

    <sqlMapGenerator targetPackage="mbg.test.mb3.generated.miscellaneous.xml"
                     targetProject="MAVEN"/>

    <table schema="mbgtest" tableName="AnotherAwfulTable" />
    <table tableName="NameView" />
  </context>

  <context id="miscellaneousTests_ModelOnly1">
    <property name="autoDelimitKeywords" value="true" />
    
    <jdbcConnection driverClass="org.hsqldb.jdbcDriver"
        connectionURL="jdbc:hsqldb:mem:aname"
        userId="sa" />

    <javaModelGenerator targetPackage="mbg.test.mb3.generated.miscellaneous.modelonly1.model" targetProject="MAVEN">
    </javaModelGenerator>

    <table schema="mbgtest" tableName="AnotherAwfulTable" />
    <table tableName="NameView" />
  </context>

  <context id="miscellaneousTests_ModelOnly2">
    <property name="autoDelimitKeywords" value="true" />
    
    <jdbcConnection driverClass="org.hsqldb.jdbcDriver"
        connectionURL="jdbc:hsqldb:mem:aname"
        userId="sa" />

    <javaModelGenerator targetPackage="mbg.test.mb3.generated.miscellaneous.modelonly2.model" targetProject="MAVEN">
    </javaModelGenerator>

    <sqlMapGenerator targetPackage="mbg.test.mb3.generated.miscellaneous.modelonly2.xml" targetProject="MAVEN">
    </sqlMapGenerator>
    
    <!-- this should, effectively, be ignored as this is model only -->
    <javaClientGenerator type="XMLMAPPER" targetPackage="mbg.test.mb3.generated.miscellaneous.modelonly2.mapper" targetProject="MAVEN">
    </javaClientGenerator>
    
    <table tableName="FieldsOnly" />
    <table tableName="PKFields" >
      <property name="modelOnly" value="true" />
    </table>
    <table tableName="PKBlobs" >
      <property name="modelOnly" value="true" />
    </table>
  </context>

  <context id="miscellaneousTests_immutable" targetRuntime="MyBatis3" defaultModelType="hierarchical">
    <jdbcConnection driverClass="org.hsqldb.jdbcDriver"
        connectionURL="jdbc:hsqldb:mem:aname"
        userId="sa" />

    <javaModelGenerator targetPackage="mbg.test.mb3.generated.hierarchical.immutable.model" targetProject="MAVEN">
      <property name="trimStrings" value="true" />
      <property name="immutable" value="true"/>
    </javaModelGenerator>

    <sqlMapGenerator targetPackage="mbg.test.mb3.generated.hierarchical.immutable.xml"  targetProject="MAVEN">
    </sqlMapGenerator>

    <javaClientGenerator type="XMLMAPPER" targetPackage="mbg.test.mb3.generated.hierarchical.immutable.mapper"  targetProject="MAVEN">
    </javaClientGenerator>

    <table tableName="FieldsOnly" />
    <table tableName="FieldsBlobs" />
    <table tableName="PKOnly" />
    <table tableName="PKBlobs" />
    <table tableName="PKFields" alias="B" >
      <property name="immutable" value="false"/>
      <property name="constructorBased" value="true"/>
      <columnOverride column="wierd$Field" delimitedColumnName="true"/>
    </table>
    <table tableName="PKFieldsBlobs" alias="A" />
    <table tableName="CompoundKey">
      <property name="constructorBased" value="true"/>
    </table>
  </context>

  <context id="FlatJava5_Annotated" defaultModelType="flat">
    <plugin type="org.mybatis.generator.plugins.EqualsHashCodePlugin" />
    <plugin type="org.mybatis.generator.plugins.RowBoundsPlugin"/>

    <jdbcConnection driverClass="org.hsqldb.jdbcDriver"
        connectionURL="jdbc:hsqldb:mem:aname"
        userId="sa" />

    <javaModelGenerator targetPackage="mbg.test.mb3.generated.annotated.flat.model" targetProject="MAVEN">
      <property name="enableSubPackages" value="true" />
      <property name="trimStrings" value="true" />
    </javaModelGenerator>

    <javaClientGenerator type="ANNOTATEDMAPPER" targetPackage="mbg.test.mb3.generated.annotated.flat.mapper"  targetProject="MAVEN">
      <property name="enableSubPackages" value="true" />
    </javaClientGenerator>

    <table tableName="FieldsOnly" />
    <table tableName="PKOnly" />
    <table tableName="PKFields" alias="B" >
      <columnOverride column="wierd$Field" delimitedColumnName="true"/>
      <columnOverride column="stringBoolean" javaType="boolean" typeHandler="mbg.test.mb3.common.StringBooleanTypeHandler"/>
    </table>
    <table tableName="PKBlobs" />
    <table tableName="PKFieldsBlobs" />
    <table tableName="FieldsBlobs" />
    <table tableName="awful table" alias="A">
      <generatedKey column="CuStOmEr iD" sqlStatement="JDBC" />
      <columnOverride column="first name" property="firstFirstName" />
      <columnOverride column="first_name" property="secondFirstName" />
      <columnOverride column="firstName" property="thirdFirstName" />
      <columnOverride column="from" delimitedColumnName="true" >
        <property name="fredswife" value="wilma"/>
      </columnOverride>
      <columnOverride column="active" javaType="boolean" />
      <columnOverride column="_id1" delimitedColumnName="true" />
      <columnOverride column="$id2" delimitedColumnName="true" />
      <columnOverride column="id5_" delimitedColumnName="true" />
      <columnOverride column="id6$" delimitedColumnName="true" />
      <columnOverride column="id7$$" delimitedColumnName="true" />
      <columnOverride column="class" property="dbClass" />
    </table>
  </context>

  <context id="HierarchicalJava5_Annotated" targetRuntime="MyBatis3" defaultModelType="hierarchical">
    <plugin type="org.mybatis.generator.plugins.EqualsHashCodePlugin" />

    <jdbcConnection driverClass="org.hsqldb.jdbcDriver"
        connectionURL="jdbc:hsqldb:mem:aname"
        userId="sa" />

    <javaModelGenerator targetPackage="mbg.test.mb3.generated.annotated.hierarchical.model" targetProject="MAVEN">
      <property name="enableSubPackages" value="true" />
      <property name="trimStrings" value="true" />
    </javaModelGenerator>

    <javaClientGenerator type="ANNOTATEDMAPPER" targetPackage="mbg.test.mb3.generated.annotated.hierarchical.mapper"  targetProject="MAVEN">
      <property name="enableSubPackages" value="true" />
    </javaClientGenerator>

    <table tableName="FieldsOnly" />
    <table tableName="PKOnly" />
    <table tableName="PKFields" alias="B" >
      <columnOverride column="wierd$Field" delimitedColumnName="true"/>
    </table>
    <table tableName="PKBlobs" />
    <table tableName="PKFieldsBlobs" />
    <table tableName="FieldsBlobs" />
    <table tableName="awful table" alias="A">
      <generatedKey column="CuStOmEr iD" sqlStatement="HSQLDB" identity="true" />
      <columnOverride column="first name" property="firstFirstName" />
      <columnOverride column="first_name" property="secondFirstName" />
      <columnOverride column="firstName" property="thirdFirstName" />
      <columnOverride column="from" delimitedColumnName="true" >
        <property name="fredswife" value="wilma"/>
      </columnOverride>
      <columnOverride column="active" javaType="boolean" />
      <columnOverride column="_id1" delimitedColumnName="true" />
      <columnOverride column="$id2" delimitedColumnName="true" />
      <columnOverride column="id5_" delimitedColumnName="true" />
      <columnOverride column="id6$" delimitedColumnName="true" />
      <columnOverride column="id7$$" delimitedColumnName="true" />
      <columnOverride column="class" property="dbClass" />
    </table>
  </context>

  <context id="ConditionalJava5_Annotated" targetRuntime="MyBatis3" defaultModelType="conditional">
    <plugin type="org.mybatis.generator.plugins.EqualsHashCodePlugin" />
    <plugin type="org.mybatis.generator.plugins.SerializablePlugin" />

    <jdbcConnection driverClass="org.hsqldb.jdbcDriver"
        connectionURL="jdbc:hsqldb:mem:aname"
        userId="sa" />

    <javaModelGenerator targetPackage="mbg.test.mb3.generated.annotated.conditional.model" targetProject="MAVEN">
      <property name="enableSubPackages" value="true" />
      <property name="trimStrings" value="true" />
    </javaModelGenerator>

    <javaClientGenerator type="ANNOTATEDMAPPER" targetPackage="mbg.test.mb3.generated.annotated.conditional.mapper"  targetProject="MAVEN">
      <property name="enableSubPackages" value="true" />
    </javaClientGenerator>

    <table tableName="FieldsOnly" />
    <table tableName="PKOnly" />
    <table tableName="PKFields" alias="B" >
      <columnOverride column="wierd$Field" delimitedColumnName="true"/>
    </table>
    <table tableName="PKBlobs" />
    <table tableName="PKFieldsBlobs" />
    <table tableName="FieldsBlobs" />
    <table tableName="awful table" alias="A">
      <generatedKey column="CuStOmEr iD" sqlStatement="HSQLDB" identity="true" />
      <columnOverride column="first name" property="firstFirstName" />
      <columnOverride column="first_name" property="secondFirstName" />
      <columnOverride column="firstName" property="thirdFirstName" />
      <columnOverride column="from" delimitedColumnName="true" >
        <property name="fredswife" value="wilma"/>
      </columnOverride>
      <columnOverride column="active" javaType="boolean" />
      <columnOverride column="_id1" delimitedColumnName="true" />
      <columnOverride column="$id2" delimitedColumnName="true" />
      <columnOverride column="id5_" delimitedColumnName="true" />
      <columnOverride column="id6$" delimitedColumnName="true" />
      <columnOverride column="id7$$" delimitedColumnName="true" />
      <columnOverride column="class" property="dbClass" />
    </table>
  </context>

  <context id="miscellaneousTests_Annotated" targetRuntime="MyBatis3">
    <plugin type="org.mybatis.generator.plugins.EqualsHashCodePlugin" />
    <plugin type="org.mybatis.generator.plugins.CaseInsensitiveLikePlugin" />
    <plugin type="org.mybatis.generator.plugins.RenameExampleClassPlugin" >
      <property name="searchString" value="Example$"/>
      <property name="replaceString" value="Criteria"/>
    </plugin>

    <commentGenerator>
      <property name="suppressDate" value="true"/>
    </commentGenerator>
    
    <jdbcConnection driverClass="org.hsqldb.jdbcDriver"
        connectionURL="jdbc:hsqldb:mem:aname"
        userId="sa" />

    <javaModelGenerator targetPackage="mbg.test.mb3.generated.annotated.miscellaneous.model" targetProject="MAVEN">
      <property name="trimStrings" value="true" />
      <property name="rootClass" value="mbg.test.common.BaseClass" />
    </javaModelGenerator>

    <javaClientGenerator type="ANNOTATEDMAPPER" targetPackage="mbg.test.mb3.generated.annotated.miscellaneous.mapper"  targetProject="MAVEN">
      <property name="rootInterface" value="mbg.test.common.BaseInterface" />
      <property name="methodNameCalculator" value="EXTENDED"/>
    </javaClientGenerator>

    <table tableName="BlobsOnly" />
    <table tableName="NonExistantTable" />
    <table tableName="PKFields" domainObjectName="MyObject" alias="A" >
      <ignoreColumn column="fred" />
      <ignoreColumn column="decimal30Field" />
      <columnOverride column="datefield" property="startDate"/>
      <columnOverride column="decimal155Field" javaType="java.lang.Double" />
      <columnOverride column="decimal60Field" javaType="int" />
      <columnOverride column="firstName" javaType="mbg.test.common.FirstName"
         typeHandler="mbg.test.mb3.common.FirstNameTypeHandler"/>
      <columnOverride column="timeField" javaType="mbg.test.common.MyTime"
         typeHandler="mbg.test.mb3.common.MyTimeTypeHandler"/>
      <columnOverride column="wierd$Field" delimitedColumnName="true"/>
    </table>
    <table tableName="RegexRename">
      <generatedKey column="CUST_ID" sqlStatement="call next value for TestSequence" />
      <columnRenamingRule searchString="^CUST" />
    </table>
    <table tableName="EnumTest">
      <columnOverride column="name" javaType="mbg.test.mb3.common.TestEnum"/>
    </table>
    <table tableName="GeneratedAlwaysTest" >
      <columnOverride column="ID_PLUS1" isGeneratedAlways="true" />
      <columnOverride column="ID_PLUS2" isGeneratedAlways="true" />
    </table>
    <table tableName="GeneratedAlwaysTestNoUpdates" >
      <columnOverride column="ID_PLUS1" isGeneratedAlways="true" />
      <columnOverride column="ID_PLUS2" isGeneratedAlways="true" />
    </table>
  </context>
  
  <context id="miscellaneousTests_immutable_Annotated" targetRuntime="MyBatis3" defaultModelType="hierarchical">
    <jdbcConnection driverClass="org.hsqldb.jdbcDriver"
        connectionURL="jdbc:hsqldb:mem:aname"
        userId="sa" />

    <javaModelGenerator targetPackage="mbg.test.mb3.generated.annotated.hierarchical.Immutable.Model" targetProject="MAVEN">
      <property name="trimStrings" value="true" />
      <property name="immutable" value="true"/>
    </javaModelGenerator>

    <javaClientGenerator type="ANNOTATEDMAPPER" targetPackage="mbg.test.mb3.generated.annotated.hierarchical.Immutable.Mapper"  targetProject="MAVEN">
    </javaClientGenerator>

    <table tableName="FieldsOnly" />
    <table tableName="FieldsBlobs" />
    <table tableName="PKOnly" />
    <table tableName="PKBlobs" />
    <table tableName="PKFields" alias="B" >
      <property name="immutable" value="false"/>
      <property name="constructorBased" value="true"/>
      <columnOverride column="wierd$Field" delimitedColumnName="true"/>
    </table>
    <table tableName="PKFieldsBlobs" alias="A" />
  </context>

  <context id="FlatJava5_Mixed" defaultModelType="flat">
    <plugin type="org.mybatis.generator.plugins.EqualsHashCodePlugin" />
    <plugin type="org.mybatis.generator.plugins.RowBoundsPlugin"/>

    <jdbcConnection driverClass="org.hsqldb.jdbcDriver"
        connectionURL="jdbc:hsqldb:mem:aname"
        userId="sa" />

    <javaModelGenerator targetPackage="mbg.test.mb3.generated.mixed.flat.model" targetProject="MAVEN">
      <property name="enableSubPackages" value="true" />
      <property name="trimStrings" value="true" />
    </javaModelGenerator>

    <sqlMapGenerator targetPackage="mbg.test.mb3.generated.mixed.flat.xml"  targetProject="MAVEN">
      <property name="enableSubPackages" value="true" />
    </sqlMapGenerator>
    
    <javaClientGenerator type="MIXEDMAPPER" targetPackage="mbg.test.mb3.generated.mixed.flat.mapper"  targetProject="MAVEN">
      <property name="enableSubPackages" value="true" />
    </javaClientGenerator>

    <table tableName="FieldsOnly" />
    <table tableName="PKOnly" />
    <table tableName="PKFields" alias="B" >
      <columnOverride column="wierd$Field" delimitedColumnName="true"/>
    </table>
    <table tableName="PKBlobs" />
    <table tableName="PKFieldsBlobs" />
    <table tableName="FieldsBlobs" />
    <table tableName="awful table" alias="A">
      <generatedKey column="CuStOmEr iD" sqlStatement="JDBC" />
      <columnOverride column="first name" property="firstFirstName" />
      <columnOverride column="first_name" property="secondFirstName" />
      <columnOverride column="firstName" property="thirdFirstName" />
      <columnOverride column="from" delimitedColumnName="true" >
        <property name="fredswife" value="wilma"/>
      </columnOverride>
      <columnOverride column="active" javaType="boolean" />
      <columnOverride column="_id1" delimitedColumnName="true" />
      <columnOverride column="$id2" delimitedColumnName="true" />
      <columnOverride column="id5_" delimitedColumnName="true" />
      <columnOverride column="id6$" delimitedColumnName="true" />
      <columnOverride column="id7$$" delimitedColumnName="true" />
      <columnOverride column="class" property="dbClass" />
    </table>
  </context>

  <context id="HierarchicalJava5_Mixed" targetRuntime="MyBatis3" defaultModelType="hierarchical">
    <plugin type="org.mybatis.generator.plugins.EqualsHashCodePlugin" />

    <jdbcConnection driverClass="org.hsqldb.jdbcDriver"
        connectionURL="jdbc:hsqldb:mem:aname"
        userId="sa" />

    <javaModelGenerator targetPackage="mbg.test.mb3.generated.mixed.hierarchical.model" targetProject="MAVEN">
      <property name="enableSubPackages" value="true" />
      <property name="trimStrings" value="true" />
    </javaModelGenerator>

    <sqlMapGenerator targetPackage="mbg.test.mb3.generated.mixed.hierarchical.xml"  targetProject="MAVEN">
      <property name="enableSubPackages" value="true" />
    </sqlMapGenerator>

    <javaClientGenerator type="MIXEDMAPPER" targetPackage="mbg.test.mb3.generated.mixed.hierarchical.mapper"  targetProject="MAVEN">
      <property name="enableSubPackages" value="true" />
    </javaClientGenerator>

    <table tableName="FieldsOnly" />
    <table tableName="PKOnly" />
    <table tableName="PKFields" alias="B" >
      <columnOverride column="wierd$Field" delimitedColumnName="true"/>
    </table>
    <table tableName="PKBlobs" />
    <table tableName="PKFieldsBlobs" />
    <table tableName="FieldsBlobs" />
    <table tableName="awful table" alias="A">
      <generatedKey column="CuStOmEr iD" sqlStatement="HSQLDB" identity="true" />
      <columnOverride column="first name" property="firstFirstName" />
      <columnOverride column="first_name" property="secondFirstName" />
      <columnOverride column="firstName" property="thirdFirstName" />
      <columnOverride column="from" delimitedColumnName="true" >
        <property name="fredswife" value="wilma"/>
      </columnOverride>
      <columnOverride column="active" javaType="boolean" />
      <columnOverride column="_id1" delimitedColumnName="true" />
      <columnOverride column="$id2" delimitedColumnName="true" />
      <columnOverride column="id5_" delimitedColumnName="true" />
      <columnOverride column="id6$" delimitedColumnName="true" />
      <columnOverride column="id7$$" delimitedColumnName="true" />
      <columnOverride column="class" property="dbClass" />
    </table>
  </context>

  <context id="ConditionalJava5_Mixed" targetRuntime="MyBatis3" defaultModelType="conditional">
    <plugin type="org.mybatis.generator.plugins.EqualsHashCodePlugin" />
    <plugin type="org.mybatis.generator.plugins.SerializablePlugin" />

    <jdbcConnection driverClass="org.hsqldb.jdbcDriver"
        connectionURL="jdbc:hsqldb:mem:aname"
        userId="sa" />

    <javaModelGenerator targetPackage="mbg.test.mb3.generated.mixed.conditional.model" targetProject="MAVEN">
      <property name="enableSubPackages" value="true" />
      <property name="trimStrings" value="true" />
    </javaModelGenerator>

    <sqlMapGenerator targetPackage="mbg.test.mb3.generated.mixed.conditional.xml"  targetProject="MAVEN">
      <property name="enableSubPackages" value="true" />
    </sqlMapGenerator>

    <javaClientGenerator type="MIXEDMAPPER" targetPackage="mbg.test.mb3.generated.mixed.conditional.mapper"  targetProject="MAVEN">
      <property name="enableSubPackages" value="true" />
    </javaClientGenerator>

    <table tableName="FieldsOnly" />
    <table tableName="PKOnly" />
    <table tableName="PKFields" alias="B" >
      <columnOverride column="wierd$Field" delimitedColumnName="true"/>
    </table>
    <table tableName="PKBlobs" />
    <table tableName="PKFieldsBlobs" />
    <table tableName="FieldsBlobs" />
    <table tableName="awful table" alias="A">
      <generatedKey column="CuStOmEr iD" sqlStatement="HSQLDB" identity="true" />
      <columnOverride column="first name" property="firstFirstName" />
      <columnOverride column="first_name" property="secondFirstName" />
      <columnOverride column="firstName" property="thirdFirstName" />
      <columnOverride column="from" delimitedColumnName="true" >
        <property name="fredswife" value="wilma"/>
      </columnOverride>
      <columnOverride column="active" javaType="boolean" />
      <columnOverride column="_id1" delimitedColumnName="true" />
      <columnOverride column="$id2" delimitedColumnName="true" />
      <columnOverride column="id5_" delimitedColumnName="true" />
      <columnOverride column="id6$" delimitedColumnName="true" />
      <columnOverride column="id7$$" delimitedColumnName="true" />
      <columnOverride column="class" property="dbClass" />
    </table>
  </context>

  <context id="miscellaneousTests_Mixed" targetRuntime="MyBatis3">
    <plugin type="org.mybatis.generator.plugins.EqualsHashCodePlugin" />
    <plugin type="org.mybatis.generator.plugins.CaseInsensitiveLikePlugin" />
    <plugin type="org.mybatis.generator.plugins.RenameExampleClassPlugin" >
      <property name="searchString" value="Example$"/>
      <property name="replaceString" value="Criteria"/>
    </plugin>

    <commentGenerator>
      <property name="suppressDate" value="true"/>
    </commentGenerator>
    
    <jdbcConnection driverClass="org.hsqldb.jdbcDriver"
        connectionURL="jdbc:hsqldb:mem:aname"
        userId="sa" />

    <javaModelGenerator targetPackage="mbg.test.mb3.generated.mixed.miscellaneous.model" targetProject="MAVEN">
      <property name="trimStrings" value="true" />
      <property name="rootClass" value="mbg.test.common.BaseClass" />
    </javaModelGenerator>

    <sqlMapGenerator targetPackage="mbg.test.mb3.generated.mixed.miscellaneous.xml"  targetProject="MAVEN">
      <property name="enableSubPackages" value="true" />
    </sqlMapGenerator>
    
    <javaClientGenerator type="MIXEDMAPPER" targetPackage="mbg.test.mb3.generated.mixed.miscellaneous.mapper"  targetProject="MAVEN">
      <property name="rootInterface" value="mbg.test.common.BaseInterface" />
      <property name="methodNameCalculator" value="EXTENDED"/>
    </javaClientGenerator>

    <table tableName="BlobsOnly" />
    <table tableName="NonExistantTable" />
    <table tableName="PKFields" domainObjectName="MyObject" alias="A" >
      <ignoreColumn column="fred" />
      <ignoreColumn column="decimal30Field" />
      <columnOverride column="datefield" property="startDate"/>
      <columnOverride column="decimal155Field" javaType="java.lang.Double" />
      <columnOverride column="decimal60Field" javaType="int" />
      <columnOverride column="firstName" javaType="mbg.test.common.FirstName"
         typeHandler="mbg.test.mb3.common.FirstNameTypeHandler"/>
      <columnOverride column="timeField" javaType="mbg.test.common.MyTime"
         typeHandler="mbg.test.mb3.common.MyTimeTypeHandler"/>
      <columnOverride column="wierd$Field" delimitedColumnName="true"/>
    </table>
    <table tableName="RegexRename">
      <generatedKey column="CUST_ID" sqlStatement="call next value for TestSequence" />
      <columnRenamingRule searchString="^CUST" />
    </table>
    <table tableName="EnumTest">
      <columnOverride column="name" javaType="mbg.test.mb3.common.TestEnum"/>
    </table>
  </context>
  
  <context id="miscellaneousTests_immutable_Mixed" targetRuntime="MyBatis3" defaultModelType="hierarchical">
    <jdbcConnection driverClass="org.hsqldb.jdbcDriver"
        connectionURL="jdbc:hsqldb:mem:aname"
        userId="sa" />

    <javaModelGenerator targetPackage="mbg.test.mb3.generated.mixed.hierarchical.Immutable.Model" targetProject="MAVEN">
      <property name="trimStrings" value="true" />
      <property name="immutable" value="true"/>
    </javaModelGenerator>

    <sqlMapGenerator targetPackage="mbg.test.mb3.generated.mixed.hierarchical.Immutable.XML"  targetProject="MAVEN">
      <property name="enableSubPackages" value="true" />
    </sqlMapGenerator>
    
    <javaClientGenerator type="MIXEDMAPPER" targetPackage="mbg.test.mb3.generated.mixed.hierarchical.Immutable.Mapper"  targetProject="MAVEN">
    </javaClientGenerator>

    <table tableName="FieldsOnly" />
    <table tableName="FieldsBlobs" />
    <table tableName="PKOnly" />
    <table tableName="PKBlobs" />
    <table tableName="PKFields" alias="B" >
      <property name="immutable" value="false"/>
      <property name="constructorBased" value="true"/>
      <columnOverride column="wierd$Field" delimitedColumnName="true"/>
    </table>
    <table tableName="PKFieldsBlobs" alias="A" />
  </context>

  <context id="simple" targetRuntime="MyBatis3Simple">
    <plugin type="org.mybatis.generator.plugins.EqualsHashCodePlugin" />
    <plugin type="org.mybatis.generator.plugins.RowBoundsPlugin" />
    <plugin type="org.mybatis.generator.plugins.ToStringPlugin" />

    <jdbcConnection driverClass="org.hsqldb.jdbcDriver"
        connectionURL="${database.url}"
        userId="sa" />

    <javaModelGenerator targetPackage="mbg.test.mb3.generated.simple.model" targetProject="MAVEN">
      <property name="enableSubPackages" value="true" />
      <property name="trimStrings" value="true" />
    </javaModelGenerator>

    <sqlMapGenerator targetPackage="mbg.test.mb3.generated.simple.xml"  targetProject="MAVEN">
      <property name="enableSubPackages" value="true" />
    </sqlMapGenerator>

    <javaClientGenerator type="XMLMAPPER" targetPackage="mbg.test.mb3.generated.simple.mapper"  targetProject="MAVEN">
      <property name="enableSubPackages" value="true" />
    </javaClientGenerator>

    <table tableName="FieldsOnly" />
    <table tableName="PKOnly" />
    <table tableName="PKFields" alias="B" >
      <property name="selectAllOrderByClause" value="ID1, ID2"/>
      <columnOverride column="wierd$Field" delimitedColumnName="true"/>
      <columnOverride column="stringBoolean" javaType="boolean" typeHandler="mbg.test.mb3.common.StringBooleanTypeHandler"/>
    </table>
    <table tableName="PKBlobs" />
    <table tableName="PKFieldsBlobs" />
    <table tableName="FieldsBlobs" />
    <table tableName="awful table" alias="A">
      <generatedKey column="CuStOmEr iD" sqlStatement="JDBC" />
      <columnOverride column="first name" property="firstFirstName" />
      <columnOverride column="first_name" property="secondFirstName" />
      <columnOverride column="firstName" property="thirdFirstName" />
      <columnOverride column="from" delimitedColumnName="true" >
        <property name="fredswife" value="wilma"/>
      </columnOverride>
      <columnOverride column="active" javaType="boolean" />
      <columnOverride column="_id1" delimitedColumnName="true" />
      <columnOverride column="$id2" delimitedColumnName="true" />
      <columnOverride column="id5_" delimitedColumnName="true" />
      <columnOverride column="id6$" delimitedColumnName="true" />
      <columnOverride column="id7$$" delimitedColumnName="true" />
      <columnOverride column="class" property="dbClass" />
    </table>
  </context>

  <context id="simple-annotated" targetRuntime="MyBatis3Simple">
    <plugin type="org.mybatis.generator.plugins.EqualsHashCodePlugin" />
    <plugin type="org.mybatis.generator.plugins.RowBoundsPlugin" />
    <plugin type="org.mybatis.generator.plugins.ToStringPlugin" />

    <jdbcConnection driverClass="org.hsqldb.jdbcDriver"
        connectionURL="${database.url}"
        userId="sa" />

    <javaModelGenerator targetPackage="mbg.test.mb3.generated.simpleannotated.model" targetProject="MAVEN">
      <property name="enableSubPackages" value="true" />
      <property name="trimStrings" value="true" />
    </javaModelGenerator>

    <javaClientGenerator type="ANNOTATEDMAPPER" targetPackage="mbg.test.mb3.generated.simpleannotated.mapper"  targetProject="MAVEN">
      <property name="enableSubPackages" value="true" />
    </javaClientGenerator>

    <table tableName="FieldsOnly" />
    <table tableName="PKOnly" />
    <table tableName="PKFields" alias="B" >
      <property name="selectAllOrderByClause" value="ID1, ID2"/>
      <columnOverride column="wierd$Field" delimitedColumnName="true"/>
      <columnOverride column="stringBoolean" javaType="boolean" typeHandler="mbg.test.mb3.common.StringBooleanTypeHandler"/>
    </table>
    <table tableName="PKBlobs" />
    <table tableName="PKFieldsBlobs" />
    <table tableName="FieldsBlobs" />
    <table tableName="awful table" alias="A">
      <generatedKey column="CuStOmEr iD" sqlStatement="JDBC" />
      <columnOverride column="first name" property="firstFirstName" />
      <columnOverride column="first_name" property="secondFirstName" />
      <columnOverride column="firstName" property="thirdFirstName" />
      <columnOverride column="from" delimitedColumnName="true" >
        <property name="fredswife" value="wilma"/>
      </columnOverride>
      <columnOverride column="active" javaType="boolean" />
      <columnOverride column="_id1" delimitedColumnName="true" />
      <columnOverride column="$id2" delimitedColumnName="true" />
      <columnOverride column="id5_" delimitedColumnName="true" />
      <columnOverride column="id6$" delimitedColumnName="true" />
      <columnOverride column="id7$$" delimitedColumnName="true" />
      <columnOverride column="class" property="dbClass" />
    </table>
  </context>
</generatorConfiguration>
