<?xml version='1.0' encoding='UTF-8'?>
<?artifactRepository version='1.1.0'?>
<repository name='file:/C:/MyBatis/generator/eclipse/UpdateSite/ - artifacts' type='org.eclipse.equinox.p2.artifact.repository.simpleRepository' version='1.0.0'>
  <properties size='2'>
    <property name='p2.timestamp' value='1342466522934'/>
    <property name='p2.compressed' value='false'/>
  </properties>
  <mappings size='3'>
    <rule filter='(&amp; (classifier=osgi.bundle))' output='${repoUrl}/plugins/${id}_${version}.jar'/>
    <rule filter='(&amp; (classifier=binary))' output='${repoUrl}/binary/${id}_${version}'/>
    <rule filter='(&amp; (classifier=org.eclipse.update.feature))' output='${repoUrl}/features/${id}_${version}.jar'/>
  </mappings>
  <artifacts size='18'>
    <artifact classifier='osgi.bundle' id='org.mybatis.generator.core.source' version='1.3.1.201101032122'>
      <properties size='3'>
        <property name='artifact.size' value='389622'/>
        <property name='download.size' value='389622'/>
        <property name='download.md5' value='f7a302e596879d9bed2ba8e253bc1967'/>
      </properties>
    </artifact>
    <artifact classifier='osgi.bundle' id='org.mybatis.generator.eclipse.core.source' version='1.3.2.201207161521'>
      <properties size='3'>
        <property name='artifact.size' value='18889'/>
        <property name='download.size' value='18889'/>
        <property name='download.md5' value='b34acb13ecf78b30693e7d38c99aae13'/>
      </properties>
    </artifact>
    <artifact classifier='org.eclipse.update.feature' id='org.mybatis.generator.source' version='1.3.2.201207161521'>
      <properties size='4'>
        <property name='artifact.size' value='9058'/>
        <property name='download.size' value='9058'/>
        <property name='download.md5' value='f683d9a2fa92055a49c4a677076efeeb'/>
        <property name='download.contentType' value='application/zip'/>
      </properties>
    </artifact>
    <artifact classifier='org.eclipse.update.feature' id='org.mybatis.generator' version='1.3.2.201207161521'>
      <properties size='4'>
        <property name='artifact.size' value='9107'/>
        <property name='download.size' value='9107'/>
        <property name='download.md5' value='cca4be103bbcfc713c82ac2b161ff633'/>
        <property name='download.contentType' value='application/zip'/>
      </properties>
    </artifact>
    <artifact classifier='osgi.bundle' id='org.mybatis.generator.eclipse.ui.source' version='1.3.1.201101032122'>
      <properties size='3'>
        <property name='artifact.size' value='33441'/>
        <property name='download.size' value='33441'/>
        <property name='download.md5' value='6210ec32aaa74092674d71b93babec9b'/>
      </properties>
    </artifact>
    <artifact classifier='osgi.bundle' id='org.mybatis.generator.eclipse.ui.source' version='1.3.2.201207161521'>
      <properties size='3'>
        <property name='artifact.size' value='33442'/>
        <property name='download.size' value='33442'/>
        <property name='download.md5' value='37aca6710394380051417341f3381f42'/>
      </properties>
    </artifact>
    <artifact classifier='osgi.bundle' id='org.mybatis.generator.core.source' version='1.3.2.201207161521'>
      <properties size='3'>
        <property name='artifact.size' value='416308'/>
        <property name='download.size' value='416308'/>
        <property name='download.md5' value='fe898fea2aa9616dc1c44ff54c29bf6d'/>
      </properties>
    </artifact>
    <artifact classifier='osgi.bundle' id='org.mybatis.generator.eclipse.doc' version='1.3.2.201207161521'>
      <properties size='3'>
        <property name='artifact.size' value='1914933'/>
        <property name='download.size' value='1914933'/>
        <property name='download.md5' value='4b0255f5c1d9bd8a61de7de7d100ab28'/>
      </properties>
    </artifact>
    <artifact classifier='org.eclipse.update.feature' id='org.mybatis.generator' version='1.3.1.201101032122'>
      <properties size='4'>
        <property name='artifact.size' value='9106'/>
        <property name='download.size' value='9106'/>
        <property name='download.md5' value='fa1212d125ef8c966295df2da3abf140'/>
        <property name='download.contentType' value='application/zip'/>
      </properties>
    </artifact>
    <artifact classifier='osgi.bundle' id='org.mybatis.generator.core' version='1.3.2.201207161521'>
      <properties size='3'>
        <property name='artifact.size' value='416700'/>
        <property name='download.size' value='416700'/>
        <property name='download.md5' value='d59ec3a82c7459b2aa8181c9ab490153'/>
      </properties>
    </artifact>
    <artifact classifier='osgi.bundle' id='org.mybatis.generator.eclipse.doc' version='1.3.1.201101032122'>
      <properties size='3'>
        <property name='artifact.size' value='1751104'/>
        <property name='download.size' value='1751104'/>
        <property name='download.md5' value='4a3ac2c793d5afb63ce0e6ee1551ac29'/>
      </properties>
    </artifact>
    <artifact classifier='osgi.bundle' id='org.mybatis.generator.core' version='1.3.1.201101032122'>
      <properties size='3'>
        <property name='artifact.size' value='389280'/>
        <property name='download.size' value='389280'/>
        <property name='download.md5' value='ca7a1b5f5cb29fcaa8b854852e369270'/>
      </properties>
    </artifact>
    <artifact classifier='osgi.bundle' id='org.mybatis.generator.eclipse.core' version='1.3.1.201101032122'>
      <properties size='3'>
        <property name='artifact.size' value='15042'/>
        <property name='download.size' value='15042'/>
        <property name='download.md5' value='8953118cf4a67afd3f13b5a6276441b4'/>
      </properties>
    </artifact>
    <artifact classifier='osgi.bundle' id='org.mybatis.generator.eclipse.ui' version='1.3.2.201207161521'>
      <properties size='3'>
        <property name='artifact.size' value='37196'/>
        <property name='download.size' value='37196'/>
        <property name='download.md5' value='71c3740bc5f5e676c3ef03b16b1e4b33'/>
      </properties>
    </artifact>
    <artifact classifier='osgi.bundle' id='org.mybatis.generator.eclipse.core' version='1.3.2.201207161521'>
      <properties size='3'>
        <property name='artifact.size' value='18481'/>
        <property name='download.size' value='18481'/>
        <property name='download.md5' value='28fbe0b04492c5036dbc78fa4ae985ad'/>
      </properties>
    </artifact>
    <artifact classifier='osgi.bundle' id='org.mybatis.generator.eclipse.ui' version='1.3.1.201101032122'>
      <properties size='3'>
        <property name='artifact.size' value='37198'/>
        <property name='download.size' value='37198'/>
        <property name='download.md5' value='eb5c517a896144a3ebaa49beed21c07d'/>
      </properties>
    </artifact>
    <artifact classifier='org.eclipse.update.feature' id='org.mybatis.generator.source' version='1.3.1.201101032122'>
      <properties size='4'>
        <property name='artifact.size' value='9056'/>
        <property name='download.size' value='9056'/>
        <property name='download.md5' value='e2871b3114faa82116c7c8a0fb1b2b14'/>
        <property name='download.contentType' value='application/zip'/>
      </properties>
    </artifact>
    <artifact classifier='osgi.bundle' id='org.mybatis.generator.eclipse.core.source' version='1.3.1.201101032122'>
      <properties size='3'>
        <property name='artifact.size' value='15783'/>
        <property name='download.size' value='15783'/>
        <property name='download.md5' value='6917677ed22e22c98434fbc681cfe944'/>
      </properties>
    </artifact>
  </artifacts>
</repository>
